<?xml version="1.0" encoding="UTF-8"?>
<!DOCTYPE hibernate-mapping PUBLIC "-//Hibernate/Hibernate Mapping DTD 3.0//EN" "http://www.hibernate.org/dtd/hibernate-mapping-3.0.dtd">
<hibernate-mapping package="es.florida.AE5">
<class name="Llibre" table="llibreria">
<id name="id" column="id">
<generator class="increment"/>
</id>
<property name="titol" type="string" column="Titol"/>
<property name="autor" type="string" column="Autor"/>
<property name="any_naixement" type="string" column="Any_naixement"/>
<property name="any_publicacio" type="string" column="Any_publicacio"/>
<property name="editorial" type="string" column="Editorial"/>
<property name="nombre_de_pagines" type="int" column="Nombre_de_pagines"/>
</class>
</hibernate-mapping>